video_id,trending_date,title,channel_title,category_id,publish_time,tags,views,likes,dislikes,comment_count,thumbnail_link,comments_disabled,ratings_disabled,video_error_or_removed,description
TZdNwUSgRHc,17.15.11,–†–ü–¶ –Ω–µ–∑–∞–∫–æ–Ω–Ω–æ —Å—Ç—Ä–æ–∏—Ç —Ö—Ä–∞–º  –ø–æ–ª–∏—Ü–∏—è —Å–º–æ—Ç—Ä–∏—Ç –∫–∞–∫ –±—å—é—Ç –º–µ—Å—Ç–Ω—ã—Ö –∂–∏—Ç–µ–ª–µ–π,–ù–µ—Ç –∑–∞—Å—Ç—Ä–æ–π–∫–µ –±–µ–∑ —Å–æ–≥–ª–∞—Å–∏—è,22,2017-11-13T06:29:09.000Z,[none],154924,4174,709,1460,https://i.ytimg.com/vi/TZdNwUSgRHc/default.jpg,FALSE,FALSE,FALSE,–°—Ç—Ä–æ–∏—Ç–µ–ª–∏ –Ω–∞–ø–∞–¥–∞—é—Ç –Ω–∞ –º—É–Ω–∏—Ü–∏–ø–∞–ª—å–Ω–æ–≥–æ –¥–µ–ø—É—Ç–∞—Ç–∞  —Å—Ç–æ—è—â–∏–µ —Ä—è–¥–æ–º –ø–æ–ª–∏—Ü–µ–π—Å–∫–∏–µ –∑–≤–æ–Ω—è—Ç –∫—É–¥–∞-—Ç–æ –ø–æ —Ç–µ–ª–µ—Ñ–æ–Ω—É –∏ –¥–µ–ª–∞—é—Ç –≤–∏–¥  —á—Ç–æ –Ω–∏—á–µ–≥–æ –Ω–µ –ø—Ä–æ–∏—Å—Ö–æ–¥–∏—Ç! –°–µ–≥–æ–¥–Ω—è  13 –Ω–æ—è–±—Ä—è  –Ω–∞ —É–ª–∏—Ü–µ –í–æ—Ä–æ—Ç—ã–Ω—Å–∫–æ–π  –≤–æ–∑–ª–µ –¥–æ–º–∞ ‚Ññ14  –ø—Ä–æ–∏–∑–æ—à–ª–∏ —Å—Ç—ã—á–∫–∏ –º–µ–∂–¥—É —Å—Ç—Ä–æ–∏—Ç–µ–ª—è–º–∏ —Ö—Ä–∞–º–∞ –∏ –∂–∏—Ç–µ–ª—è–º–∏ —Ä–∞–π–æ–Ω–∞  –∫–æ—Ç–æ—Ä—ã–µ –≤—ã—Å—Ç—É–ø–∞—é—Ç –ø—Ä–æ—Ç–∏–≤ –∑–∞—Å—Ç—Ä–æ–π–∫–∏ –≤ —Å–≤–æ–µ–º –¥–≤–æ—Ä–µ. –ê–∫—Ç–∏–≤–∏—Å—Ç–∞–º —É–¥–∞–≤–∞–ª–æ—Å—å —Å–¥–µ—Ä–∂–∏–≤–∞—Ç—å –Ω–∞—á–∞–ª–æ —Å—Ç—Ä–æ–∏—Ç–µ–ª—å—Å—Ç–≤–∞ –≤ —Ç–µ—á–µ–Ω–∏–∏ –º–µ—Å—è—Ü–∞  —Ç–∞–∫ –∫–∞–∫ —É –∑–∞—Å—Ç—Ä–æ–π—â–∏–∫–∞ –Ω–µ –±—ã–ª–æ –Ω–∞ —Ä—É–∫–∞—Ö –≤—Å–µ—Ö —Ä–∞–∑—Ä–µ—à–∞—é—â–∏—Ö –¥–æ–∫—É–º–µ–Ω—Ç–æ–≤. –û–¥–Ω–∞–∫–æ —Å–µ–≥–æ–¥–Ω—è —Ä–∞–±–æ—á–∏–µ –ø—Ä–∏–≥–Ω–∞–ª–∏ —Å—Ç—Ä–æ–∏—Ç–µ–ª—å–Ω—É—é —Ç–µ—Ö–Ω–∏–∫—É –≤ 7 —É—Ç—Ä–∞ –∏ –≤—ã—Å—Ç—Ä–æ–∏–ª–∏—Å—å –∂–∏–≤–æ–π —Ü–µ–ø—å—é  –¥–∞–±—ã –Ω–µ –ø—Ä–æ–ø—É—Å—Ç–∏—Ç—å –º–µ—Å—Ç–Ω—ã—Ö –∂–∏—Ç–µ–ª–µ–π –Ω–∞ –ø–ª–æ—â–∞–¥–∫—É –∏ –Ω–µ –¥–∞—Ç—å –∏–º –ø–æ–º–µ—à–∞—Ç—å –Ω–∞—á–∞—Ç—å —Å—Ç—Ä–æ–∏—Ç–µ–ª—å—Å—Ç–≤–æ. –ö—Ä–æ–º–µ —Å–∞–º–∏—Ö —Ä–∞–±–æ—á–∏—Ö –ø–ª–æ—â–∞–¥–∫–∞ –Ω–∏—á–µ–º –Ω–µ –æ–≥–æ—Ä–æ–∂–µ–Ω–∞. –í –Ω–∞—Å—Ç–æ—è—â–∏–π –º–æ–º–µ–Ω—Ç  –ø—Ä–æ–∏—Å—Ö–æ–¥—è—Ç —Å—Ç—ã—á–∫–∏  —Ä–∞–±–æ—á–∏–µ –Ω–∞–ø–∞–¥–∞—é—Ç –Ω–∞ –º–µ—Å—Ç–Ω—ã—Ö –∂–∏—Ç–µ–ª–µ–π  –∫–æ—Ç–æ—Ä—ã–µ –ø—ã—Ç–∞—é—Ç—Å—è –ø—Ä–æ–π—Ç–∏ –∫ —Ç–µ—Ö–Ω–∏–∫–µ  –ø–æ–ª–∏—Ü–∏—è  –ø—Ä–∏—Å—É—Ç—Å—Ç–≤—É—é—â–∞—è –Ω–∞ –ø–ª–æ—â–∞–¥–∫–µ –±–µ–∑–¥–µ–π—Å—Ç–≤—É–µ—Ç –∏ –Ω–∞–∑—ã–≤–∞–µ—Ç –∂–∏–ª—å—Ü–æ–≤ –ø—Ä–æ–≤–æ–∫–∞—Ç–æ—Ä–∞–º–∏.
agb2g0R55UY,17.15.11,ÏÑ±Ïã¨Î≥ëÏõê Ïû•Í∏∞ÏûêÎûë ÏòÅÏÉÅ 2014ÎÖÑ [Ï≤†ÏòÅÏø§TV] ISSUE,Ï≤†ÏòÅÏø§ TV,25,2017-11-11T08:30:39.000Z,"ÏÑ±Ïã¨Î≥ëÏõê|""Í∞ÑÌò∏ÏÇ¨Îì§""|""Ïû•Í∏∞ÏûêÎûë""|""ÏÑ±Ïã¨Î≥ëÏõê Í∞ÑÌò∏ÏÇ¨Îì§""|""Í∞ëÏßà""|""ÍπÄÏßÑÌÉú""|""korea""|""talent""|""show""|""nurse""|""dance""",120638,45,192,84,https://i.ytimg.com/vi/agb2g0R55UY/default.jpg,FALSE,FALSE,FALSE,ÏÑ±Ïã¨Î≥ëÏõê Ïû•Í∏∞ÏûêÎûë ÏòÅÏÉÅ 2014ÎÖÑ [Ï≤†ÏòÅÏø§TV] ISSUE   seongsim Hospital nurse Talent Show 2014 korea
UUqxsjHjI6w,17.15.11,–¢–æ–ø10 –£–ú–ù–´–• –Æ—Ç—É–±–µ—Ä–æ–≤!,telblog.net,24,2017-11-14T15:50:13.000Z,"Utopia Show|""Slivki Show""|""Riddle""|""Snailkick""|""Mental TV""|""–ê–ª–µ–∫—Å–µ–π –ù–∞–≤–∞–ª—å–Ω—ã–π""|""–ê—Ä—Ç—É—Ä –®–∞—Ä–∏—Ñ–æ–≤""|""–î–º–∏—Ç—Ä–∏–π –õ–∞—Ä–∏–Ω""|""–ù–∏–∫–æ–ª–∞–π –°–æ–±–æ–ª–µ–≤""|""–ö–æ–Ω—Å—Ç–∞–Ω—Ç–∏–Ω –ö–∞–¥–∞–≤—Ä""",362964,21298,1284,4097,https://i.ytimg.com/vi/UUqxsjHjI6w/default.jpg,FALSE,FALSE,FALSE,–†–∞—Å–∫—Ä—É—Ç–∏ —Å–≤–æ–π –ò–Ω—Å—Ç–∞–≥—Ä–∞–º üëâ http://instabar.ru/ –í–ö–æ–Ω—Ç–∞–∫—Ç–µ ‚ñ∫ http://telblog.net/vk –ê–≤—Ç–æ—Ä –ö–∞–Ω–∞–ª–∞ ‚ñ∫ http://telblog.net/avtor –û–¥–Ω–æ–∫–ª–∞—Å—Å–Ω–∏–∫–∏ ‚ñ∫ http://telblog.net/okru 2 –ö–∞–Ω–∞–ª ‚ñ∫ http://telblog.net/2ch –†–µ–∫–ª–∞–º–∞ ‚ñ∫ http://telblog.net/ad  ======================= –ö—Ç–æ —Å–∞–º—ã–π —É–º–Ω—ã–π –±–ª–æ–≥–µ—Ä –Ω–∞ –Æ—Ç—É–±–µ: –°–æ–±–æ–ª–µ–≤  –¢–æ–ø–∞  –∞ –º–æ–∂–µ—Ç –±—ã—Ç—å –°–ª–∏–≤–∫–∏ –®–æ—É?
rne1xYw_xOw,17.15.11,10 –ó–∞–≥–∞–¥–æ–∫ –ó–í–Å–ó–î–ù–´–• –í–û–ô–ù [–¢–û–ü–æ—Ç –°–æ–∫–æ–ª–∞],SokoL[off] TV,1,2017-11-14T15:13:10.000Z,"Sokol[off]|""Sokoloff""|""–°–æ–∫–æ–ª–æ–≤ –ê–ª–µ–∫—Å–∞–Ω–¥—Ä""|""–∫–∏–Ω–æ""|""–æ–±–∑–æ—Ä –∫–∏–Ω–æ""|""movie""|""film""|""trailer""|""critics""|""review""|""–°–æ–∫–æ–ª""|""–¢–æ–ø –æ—Ç –°–æ–∫–æ–ª–∞""|""–¢–û–ü–æ—Ç –°–æ–∫–æ–ª–∞""|""–ú–∞–≥–∏—Å—Ç—Ä –ô–æ–¥–∞""|""–ó–≤–µ–∑–¥–Ω—ã–µ –í–æ–π–Ω—ã""|""Star Wars""|""–ü–æ—Å–ª–µ–¥–Ω–∏–µ –î–∂–µ–¥–∞–∏""|""–°–∫—Ä—ã—Ç–∞—è –£–≥—Ä–æ–∑–∞""|""–ê—Ç–∞–∫–∞ –ö–ª–æ–Ω–æ–≤""|""–ú–µ—Å—Ç—å –°–∏—Ç—Ö–æ–≤""|""–ù–æ–≤–∞—è –ù–∞–¥–µ–∂–¥–∞""|""–ò–º–ø–µ—Ä–∏—è –ù–∞–Ω–æ—Å–∏—Ç –û—Ç–≤–µ—Ç–Ω—ã–π –£–¥–∞—Ä""|""–í–æ–∑–≤—Ä–∞—â–µ–Ω–∏–µ –î–∂–µ–¥–∞—è""|""–ò–∑–≥–æ–π-–û–¥–∏–Ω""|""–ú–µ—Å—è—Ü –ó–≤–µ–∑–¥–Ω—ã—Ö –í–æ–π–Ω""|""–î–∂–æ—Ä–¥–∂ –õ—É–∫–∞—Å""|""–î–∏—Å–Ω–µ–π""|""–õ—é–∫ –°–∫–∞–π–≤–æ–∫–µ—Ä""|""–î–∞—Ä—Ç –í–µ–π–¥–µ—Ä""",185303,14896,788,1143,https://i.ytimg.com/vi/rne1xYw_xOw/default.jpg,FALSE,FALSE,FALSE,–ù–µ–æ–±—ã—á–Ω—ã–µ —Å–ª–∞–¥–æ—Å—Ç–∏ –Ω–∞ –ú–∞—Ä–º–µ–ª–∞–¥ –®–æ—É –ø—Ä—è–º–æ –ø–æ —Å—Å—ã–ª–∫–µ: https://goo.gl/NgEqiY –ü—Ä–æ–º–æ–∫–æ–¥ –Ω–∞ —Å–∫–∏–¥–∫—É –≤ 10%: SOKOL5 ------------ –ì—Ä—É–ø–ø–∞ –≤–∫–æ–Ω—Ç–∞–∫—Ç–µ http://vk.com/sokoloff_show –ò–Ω—Å—Ç–∞–≥—Ä–∞–º: http://instagram.com/alex_sokoloff –¢–≤–∏—Ç—Ç–µ—Ä https://twitter.com/sokoloff_show –í—Ç–æ—Ä–æ–π –∫–∞–Ω–∞–ª: https://www.youtube.com/itsSokolOther ------------- –ó–∞–∫–∞–∑ —Ä–µ–∫–ª–∞–º—ã: sokol-commercial@mail.ru –ü—Ä–µ–¥–ª–æ–∂–µ–Ω–∏—è –ø–æ —Å–æ—Ç—Ä—É–¥–Ω–∏—á–µ—Å—Ç–≤—É: https://vk.com/anastasia.sokolova1986 ------------- –í —ç—Ç–æ–º –≤–∏–¥–µ–æ: 10 –∑–∞–≥–∞–¥–æ–∫ –∏–ª–∏ –≤–æ–ø—Ä–æ—Å–æ–≤ –±–µ–∑ –æ—Ç–≤–µ—Ç–æ–≤ –∏–∑ –≤—Å–µ–ª–µ–Ω–Ω–æ–π –ó–≤–µ–∑–¥–Ω—ã—Ö –í–æ–π–Ω.   –í —Ä–æ–ª–∏–∫–µ –∏—Å–ø–æ–ª—å–∑–æ–≤–∞–Ω—ã –æ—Ç—Ä—ã–≤–∫–∏ –∏–∑: –°–∫—Ä—ã—Ç–∞—è –£–≥—Ä–æ–∑–∞  –ê—Ç–∞–∫–∞ –ö–ª–æ–Ω–æ–≤  –ú–µ—Å—Ç—å –°–∏—Ç—Ö–æ–≤  –ù–æ–≤–∞—è –ù–∞–¥–µ–∂–¥–∞  –ò–º–ø–µ—Ä–∏—è –ù–∞–Ω–æ—Å–∏—Ç –û—Ç–≤–µ—Ç–Ω—ã–π –£–¥–∞—Ä  –í–æ–∑–≤—Ä–∞—â–µ–Ω–∏–µ –î–∂–µ–¥–∞—è  –ò–∑–≥–æ–π-–û–¥–∏–Ω  –ì—Ä–µ–º–ª–∏–Ω—ã.  –í–∏–¥–µ–æ —Å–æ–∑–¥–∞–Ω–æ —Ç–æ–ª—å–∫–æ –¥–ª—è —Ä–∞–∑–≤–ª–µ—á–µ–Ω–∏—è –∏ –Ω–∏–∫–æ–≥–æ –Ω–µ —Å—Ç—Ä–µ–º–∏—Ç—Å—è –æ—Å–∫–æ—Ä–±–∏—Ç—å. –Ø –≤—ã—Å–∫–∞–∑—ã–≤–∞—é –ª–∏—à—å —Å–≤–æ–µ –º–Ω–µ–Ω–∏–µ  –∫–æ—Ç–æ—Ä–æ–µ –º–æ–∂–µ—Ç –±—ã—Ç—å –Ω–µ–æ–±—ä–µ–∫—Ç–∏–≤–Ω—ã–º  –ø—Ä–µ–¥–≤–∑—è—Ç—ã–º –∏–ª–∏ –æ—à–∏–±–æ—á–Ω—ã–º. –ï—Å–ª–∏ –í—ã –æ—Å–∫–æ—Ä–±–∏–ª–∏—Å—å  —Ç–æ –í—ã  –≤–∏–¥–∏–º–æ  –º–∞—Å—Ç–µ—Ä –ô–æ–¥–∞ –±–µ–∑ –∑–∞–≥–∞–¥–æ—á–Ω–æ–≥–æ –ø—Ä–æ—à–ª–æ–≥–æ.
a-TRpFGpYAE,17.15.11,–ü–û–õ–û–°–ê –ü–†–ï–ü–Ø–¢–°–¢–í–ò–ô –í –ë–ê–¢–£–¢–ù–û–ú –ü–ê–†–ö–ï! (–°–õ–û–ñ–ù–ê–Ø –í–ï–†–°–ò–Ø) TRAMPOLINE PARK SLIDE OBSTACLE COURSE,Anton Sheptunov,17,2017-11-14T12:36:44.000Z,"—Å–∫–µ–π—Ç|""—Å–∫–µ–π—Ç–±–æ—Ä–¥""|""—Å–∫–µ–π—Ç–±–æ—Ä–¥–∏–Ω–≥""|""–Ω–∞ —Å–∫–µ–π—Ç–µ""|""–∫–∞–∫ –¥–µ–ª–∞—Ç—å""|""–æ–ª–ª–∏""|""–º–∞–Ω—É–∞–ª""|""–∫–∏–∫—Ñ–ª–∏–ø""|""—Ç—É—Ç–æ—Ä–∏–∞–ª""|""–≤–∏–¥–µ–æ—É—Ä–æ–∫""|""–æ–∑–≤—É—á–∫–∞""|""–ø–µ—Ä–µ–≤–æ–¥""|""skate""|""skateboard""|""skateboarding""|""ollie""|""manual""|""kickflip""|""trick""|""—Ç—Ä—é–∫""|""–∞–∞—Ä–æ–Ω –∫–∞—Ä–æ""|""aaron kyro""|""braille""|""—Ä—ç–¥ –±—É–ª–ª""|""red bull""|""Ryan Sheckler""|""–º–∞–∫—Å –∫—Ä—É–≥–ª–æ–≤""|""–º–∞–∫—Å–∏–º –∫—Ä—É–≥–ª–æ–≤""|""–∫—Ä—É–≥–ª–æ–≤""|""—Ä–∞–π–∞–Ω —à–µ–∫–ª–µ—Ä""|""—Ç–æ–Ω–∏ —Ö–æ—É–∫""|""bmx""|""flair""|""–±–º—Ö""|""–≤–º—Ö""|""—Ñ–ª—ç–π—Ä""|""—Å–∞–º–æ–∫–∞—Ç""|""scooter""|""scotty""|""cranmer""|""—Å–∫–æ—Ç—Ç–∏""|""–∫—Ä–∞–Ω–º–µ—Ä""|""dudesons""|""dudesonsvlog""|""—Ä–∞–π–∞–Ω""|""—É–∏–ª—å—è–º—Å""|""–≤–∏–ª—å—è–º—Å""|""Ryan""|""Williams""|""–º–µ–≥–∞ —Ä–∞–º–ø–∞""|""mega ramp""|""–ø–∞—Ä–∫—É—Ä""|""–±–∞—Ç—É—Ç""|""—Ç—Ä—é–∫–∏""",138806,3444,190,170,https://i.ytimg.com/vi/a-TRpFGpYAE/default.jpg,FALSE,FALSE,FALSE,–ö–∞–∑–∏–Ω–æ –í—É–ª–∫–∞–Ω - http://bit.ly/2AFvBhk –ë–æ–Ω—É—Å –ø–æ –º–æ–µ–π —Å—Å—ã–ª–∫–µ 100% –Ω–∞ –ø–µ—Ä–≤—ã–π –¥–µ–ø–æ–∑–∏—Ç!  –ü–µ—Ä–µ–≤–æ–¥ –∏ –æ–∑–≤—É—á–∫–∞ –≤–∏–¥–µ–æ—Ä–æ–ª–∏–∫–∞ –ü–û–õ–û–°–ê –ü–†–ï–ü–Ø–¢–°–¢–í–ò–ô –í –ë–ê–¢–£–¢–ù–û–ú –ü–ê–†–ö–ï!  –í —ç—Ç–æ–º —Ä–æ–ª–∏–∫–µ —Ä–µ–±—è—Ç–∞ —Å –∫–∞–Ω–∞–ª–∞ Funk Bros –ø–æ—Å—Ç—Ä–æ–∏–ª–∏ –æ—á–µ—Ä–µ–¥–Ω—É—é –ø–æ–ª–æ—Å—É –ø—Ä–µ–ø—è—Ç—Å—Ç–≤–∏–π –≤ –±–∞—Ç—É—Ç–Ω–æ–º –∑–∞–ª–µ –∏–∑ –ø–æ–¥—Ä—É—á–Ω—ã—Ö —Å—Ä–µ–¥—Å—Ç–≤ –∏ –ø—ã—Ç–∞—é—Ç—Å—è –ø—Ä–æ–π—Ç–∏ –µ–µ  –ø–∞—Ä–∞–ª–ª–µ–ª—å–Ω–æ —Ä–∞–∑–≤–ª–µ–∫–∞—è—Å—å –∏ –¥–µ–ª–∞—è –∫—Ä—É—Ç—ã —Ç—Ä—é–∫–∏ –Ω–∞ –±–∞—Ç—É—Ç–∞—Ö.   –Ø –í–∫–æ–Ω—Ç–∞–∫—Ç–µ - https://vk.com/id21492448  –ù–∞—à–∞ –≥—Ä—É–ø–ø–∞ –í–ö–æ–Ω—Ç–∞–∫—Ç–µ - https://vk.com/antonshep  –ò—Å—Ç–æ—á–Ω–∏–∫ - https://www.youtube.com/channel/UCkrKW1_u0O8qSc3xsLoRHew
OdOmKn6Cn9s,17.15.11,’Ü’º’°’∂ ’∞’°’ø’´’Ø  ’ç’•÷Ä’´’° 47 / Pomegranate seed / Nran hatik,PanArmenian TV,1,2017-11-14T18:30:01.000Z,"’Ü’º’°’∂ ’∞’°’ø’´’Ø|""’ç’•÷Ä’´’° 47""|""Pomegranate seed""|""Nran hatik""|""’§’´’°’∂’° ’£÷Ä’´’£’∏÷Ä’µ’°’∂""|""’°÷Ä’¥’•’∂’´’° ’©’´-’æ’´""|""’∫÷Ä’•’¥’´’∏÷Ç’¥""|""’°÷Ä’¥’•’∂’´’° ’∫÷Ä’•’¥’´’∏÷Ç’¥""|""seria 47""|""episode 47""|""diana grigoryan""|""armenia tv""|""premium""|""armenia premium""|""panarmenian tv""|""ucom""|""2017""",93486,306,89,72,https://i.ytimg.com/vi/OdOmKn6Cn9s/default.jpg,FALSE,FALSE,FALSE,
AOCJIFEA_jE,17.15.11,–ë–∏—Ä–∂–∞ –ú–µ–º–æ–≤ #29. –ë–æ–ª—å—à–æ–∏ÃÜ –≤—ã–ø—É—Å–∫,Druzhko Show,22,2017-11-13T17:32:11.000Z,"–±–∏—Ä–∂–∞ –º–µ–º–æ–≤|""–ª–µ–≤ —à–∞–≥–∏–Ω—è–Ω""|""–º–µ–º—ã""|""–ø–∏–∫—á–∏""|""–¥—Ä—É–∂–∫–æ""|""–¥—Ä—É–∂–∫–æ —à–æ—É""|""–∞–Ω–æ–Ω–∏–º—É—Å""|""–±–æ—Ä—â""|""ftp""|""–º—Ö–∫""|""–Ω–∞ —Å–ª—É—á–∞–π –≤–∞–∂–Ω—ã—Ö –ø–µ—Ä–µ–≥–æ–≤–æ—Ä–æ–≤""|""–∞—Ñ—Ñ–ª–µ–∫""|""–±—ç–Ω –∞—Ñ—Ñ–ª–µ–∫""|""batman""|""–±—ç—Ç–º–µ–Ω""|""—Ç—Ä–∞–º–ø""",693015,75690,4669,4693,https://i.ytimg.com/vi/AOCJIFEA_jE/default.jpg,FALSE,FALSE,FALSE,–í 29 –≤—ã–ø—É—Å–∫–µ –î—Ä—É–∂–∫–æ –®–æ—É –°–µ—Ä–≥–µ–π —Å–∫–∞–∑–∞–ª  —á—Ç–æ –ë–∏—Ä–∂–∞ –ú–µ–º–æ–≤ –æ—Ç–¥–µ–ª—å–Ω–æ –≤—ã–π–¥–µ—Ç –Ω–∞ –µ–≥–æ –∫–∞–Ω–∞–ª–µ –≤ –ø–æ–Ω–µ–¥–µ–ª—å–Ω–∏–∫‚Ä¶–∏ –Ω–µ —Å–æ–≤—Ä–∞–ª!  –í—Å—Ç—Ä–µ—á–∞–π—Ç–µ  —Ä–∞—Å—à–∏—Ä–µ–Ω–Ω–∞—è –∏  –≤–ø–µ—Ä–≤—ã–µ  —Å–∞–º–æ—Å—Ç–æ—è—Ç–µ–ª—å–Ω–∞—è –ë–∏—Ä–∂–∞ –ú–µ–º–æ–≤  –≤ –∫–æ—Ç–æ—Ä–æ–π –õ–µ–≤ –≤—Å–ø–æ–º–Ω–∏–ª –ª—É—á—à–∏–µ –ø–∏–∫—á–∏ –ø–æ—Å–ª–µ–¥–Ω–µ–π –Ω–µ–¥–µ–ª–∏  –æ–±—Å—É–¥–∏–ª —Å–∞–º—ã–µ –º–µ–º–Ω—ã–µ –Ω–æ–≤–æ—Å—Ç–∏  –≤—Å—Ç—Ä–µ—Ç–∏–ª—Å—è —Å –æ—á–µ—Ä–µ–¥–Ω—ã–º –≥–æ—Å—Ç–µ–º –∏ —Ä–∞–∑–æ–±—Ä–∞–ª –æ–¥–∏–Ω –∏–∑ –ø–∞–±–ª–∏–∫–æ–≤ –í–ö –Ω–∞ –æ—Ä–ø—Ä–∏–≥–æ–¥–Ω–æ—Å—Ç—å –≤ —Ä–∞–º–∫–∞—Ö —Å–≤–æ–µ–π –Ω–æ–≤–æ–π —Ä—É–±—Ä–∏–∫–∏! –í –æ–±—â–µ–º  –æ–±—è–∑–∞—Ç–µ–ª—å–Ω–æ –∫ –ø—Ä–æ—Å–º–æ—Ç—Ä—É.  –í–µ–¥—É—â–∏–π –±–∏—Ä–∂–∏ –º–µ–º–æ–≤:  VK: https://vk.cc/6Dolqn Instagram: https://goo.gl/AoHGPN  –ë–∏—Ä–∂–∞ –ú–µ–º–æ–≤: https://vk.com/stockmem  –ì—Ä—É–ø–ø–∞ –í–∫–æ–Ω—Ç–∞–∫—Ç–µ: https://vk.cc/6BBS07 –ì—Ä—É–ø–ø–∞ Facebook: https://goo.gl/ZS5mzT Instagram –®–æ—É: https://goo.gl/F5s5PK  –ú–æ—è –ª–∏—á–Ω–∞—è —Å—Ç—Ä–∞–Ω–∏—Ü–∞ –í–ö–æ–Ω—Ç–∞–∫—Ç–µ: https://vk.cc/6Djxew –ú–æ–π –∏–Ω—Å—Ç–∞–≥—Ä–∞–º: https://goo.gl/LukuVV  –ò–≤–∞–Ω #–ñ–∞–¥–∞–Ω–ò—Å–ø–æ–ª–Ω—è–µ—Ç–ú–µ—á—Ç—ã: VK: https://vk.cc/70ncIe Instagram: https://goo.gl/DVjC87
x0uu99_tSTU,17.15.11,–†–û–°–°–ò–Ø - –ò–°–ü–ê–ù–ò–Ø: –ß–¢–û –≠–¢–û –ë–´–õ–û??? –û–ë–ó–û–† –ú–ê–¢–ß–ê  –ì–û–õ–´,–†–µ–∞–ª—å–Ω—ã–π —Ñ—É—Ç–±–æ–ª,17,2017-11-15T01:43:48.000Z,"—Å–±–æ—Ä–Ω–∞—è —Ä–æ—Å—Å–∏–∏|""—Ä–æ—Å—Å–∏—è –∏—Å–ø–∞–Ω–∏—è""|""—Ä–æ—Å—Å–∏—è–∏—Å–ø–∞–Ω–∏—è""|""—Ä–æ—Å—Å–∏—è - –∏—Å–ø–∞–Ω–∏—è""|""—Ä–æ—Å—Å–∏—è –∏—Å–ø–∞–Ω–∏—è –æ–±–∑–æ—Ä""|""—Ä–æ—Å—Å–∏—è - –∏—Å–ø–∞–Ω–∏—è –æ–±–∑–æ—Ä""|""—Ä–æ—Å—Å–∏—è –∏—Å–ø–∞–Ω–∏—è –æ–±–∑–æ—Ä –º–∞—Ç—á–∞""|""—Ä–æ—Å—Å–∏—è - –∏—Å–ø–∞–Ω–∏—è –æ–±–∑–æ—Ä –º–∞—Ç—á–∞""|""–≥–æ–ª—ã""|""—Ä–æ—Å—Å–∏—è –∏—Å–ø–∞–Ω–∏—è –≥–æ–ª—ã""|""—Ä–æ—Å—Å–∏—è –∏—Å–ø–∞–Ω–∏—è 3-3""|""—Ä–æ—Å—Å–∏—è –∏—Å–ø–∞–Ω–∏—è 3-3 –æ–±–∑–æ—Ä""|""—Ä–æ—Å—Å–∏—è –∏—Å–ø–∞–Ω–∏—è 3-3 –æ–±–∑–æ—Ä –º–∞—Ç—á–∞""|""—Ä–æ—Å—Å–∏—è –∏—Å–ø–∞–Ω–∏—è –ø–æ–ª–Ω—ã–π –º–∞—Ç—á""|""—Ä–æ—Å—Å–∏—è - –∏—Å–ø–∞–Ω–∏—è –ø–æ–ª–Ω—ã–π –º–∞—Ç—á""|""—Ä–æ—Å—Å–∏—è –∏—Å–ø–∞–Ω–∏—è —Å–º–æ—Ç—Ä–µ—Ç—å –ø–æ–ª–Ω—ã–π –º–∞—Ç—á""|""—Ä–æ—Å—Å–∏—è –∏—Å–ø–∞–Ω–∏—è –≤—Å–µ –≥–æ–ª—ã""|""—Ä–æ—Å—Å–∏—è - –∏—Å–ø–∞–Ω–∏—è –≤—Å–µ –≥–æ–ª—ã""|""russia spain""|""russia spain highlights""|""—Ä–µ–∞–ª—å–Ω—ã–π —Ñ—É—Ç–±–æ–ª""",132928,6271,603,495,https://i.ytimg.com/vi/x0uu99_tSTU/default.jpg,FALSE,FALSE,FALSE,–†–û–°–°–ò–Ø - –ò–°–ü–ê–ù–ò–Ø: –ß–¢–û –≠–¢–û –ë–´–õ–û??? –û–ë–ó–û–† –ú–ê–¢–ß–ê  –ü–æ–¥–¥–µ—Ä–∂–∏—Ç–µ –Ω–∞—Å –ü–û–î–ü–ò–°–ö–û–ô ‚ñ∫ https://goo.gl/Ok7eU5 ‚óÑ‚öΩ   –ö–∞–Ω–∞–ª 1xbet - https://goo.gl/pz6TmJ   –ú–∞—Ç—á –†–æ—Å—Å–∏—è - –ò—Å–ø–∞–Ω–∏—è –ø–æ–ª—É—á–∏–ª—Å—è –∞–±—Å–æ–ª—é—Ç–Ω–æ —Å–Ω–æ–≥—Å—à–∏–±–∞—Ç–µ–ª—å–Ω—ã–º! –°–º–æ—Ç—Ä–∏ –Ω–∞—à –æ–±–∑–æ—Ä –º–∞—Ç—á–∞ –∏ –¥–µ–ª–∞–π —Å–≤–æ–∏ –≤—ã–≤–æ–¥—ã –ø–æ –º–∞—Ç—á—É —Å–±–æ—Ä–Ω–æ–π –†–æ—Å—Å–∏–∏!  üë§ –°–µ—Ä–≥–µ–π –ê–ª–µ–∫—Å–µ–µ–≤ –í–ö–æ–Ω—Ç–∞–∫—Ç–µ - https://vk.com/joycute  üì∏–ú—ã –≤ INSTAGRAM - https://www.instagram.com/refootball_...  üìù–ú—ã –≤ –í–ö–æ–Ω—Ç–∞–∫—Ç–µ - https://vk.com/refoot   üé¨–°–ú–û–¢–†–ò –ù–ê–®–ò –ö–†–ê–ô–ù–ò–ï –í–ò–î–ï–û:  ‚ñ∫ https://youtu.be/hlJ874mJaag - –°–ê–ú–´–ô –ù–ï–õ–ï–ü–´–ô –ü–†–û–ú–ê–• –í –§–£–¢–ë–û–õ–ï. –õ–£–ß–®–ò–ï –ì–û–õ–´ –ù–ï–î–ï–õ–ò  ‚ñ∫ https://youtu.be/7_NLf1Q1PT0 - 20 –ò–ì–†–û–ö–û–í  –£–ù–ò–ß–¢–û–ñ–ï–ù–ù–´–• –†–û–ù–ê–õ–î–ò–ù–¨–û | –ì–û–õ–´  –§–ò–ù–¢–´  –°–ö–ò–õ–õ–´  ‚ñ∫ https://youtu.be/rLbH6MeCfrI - –†–û–°–°–ò–Ø - –ê–†–ì–ï–ù–¢–ò–ù–ê: –ì–î–ï –ë–´–õ –ú–ï–°–°–ò? –ù–ê–° –ú–ò–õ–õ–ò–û–ù!  ‚ñ∫ https://youtu.be/blqnYfh40Bs - –ì–û–õ–´  –í –ö–û–¢–û–†–´–ï –ù–ï–í–û–ó–ú–û–ñ–ù–û –ü–û–í–ï–†–ò–¢–¨ #7  ‚ñ∫ https://youtu.be/MDTkJJzXlM4 - –†–û–ù–ê–õ–î–£ –ù–ï –ü–†–ê–ó–î–ù–£–ï–¢ –ì–û–õ–´ –†–ï–ê–õ–ê. –ü–û–ß–ï–ú–£?  ‚ñ∫ https://youtu.be/cgy-lx3N9JU - –ù–ï–ô–ú–ê–† –ü–ï–†–ï–•–û–î–ò–¢ –í –†–ï–ê–õ? –¢–û–ü –¢–†–ê–ù–°–§–ï–†  ‚ñ∫ https://youtu.be/XkpeyK1-fhI - –°–ê–ú–´–ô –°–ú–ï–®–ù–û–ô –§–≠–ô–õ –ì–û–î–ê –í –§–£–¢–ë–û–õ–ï. –õ–£–ß–®–ò–ï –ì–û–õ–´ –ù–ï–î–ï–õ–ò  ‚ñ∫ https://youtu.be/2RNZGg2kqH8 - –ü–°–ñ –ß–ï–†–ï–ó 5 –õ–ï–¢. –ü–°–ñ –ë–ï–ó –ù–ï–ô–ú–ê–†–ê –ò –ú–ë–ê–ü–ü–ï?  ‚ñ∫ https://youtu.be/vRaAFG55IZw - –î–ï–í–£–®–ö–ò –§–£–¢–ë–û–õ–ò–°–¢–û–í 2017. –£ –ö–û–ì–û –°–ê–ú–ê–Ø –ö–†–ê–°–ò–í–ê–Ø?  ‚ñ∫ https://youtu.be/zbKoZXSe_DQ - –õ–£–ß–®–ò–ï –ì–û–õ–´ –û–ö–¢–Ø–ë–†–Ø | 2017   —Å–±–æ—Ä–Ω–∞—è —Ä–æ—Å—Å–∏–∏  —Ä–æ—Å—Å–∏—è –∏—Å–ø–∞–Ω–∏—è  —Ä–æ—Å—Å–∏—è–∏—Å–ø–∞–Ω–∏—è  —Ä–æ—Å—Å–∏—è - –∏—Å–ø–∞–Ω–∏—è  —Ä–æ—Å—Å–∏—è–∏—Å–ø–∞–Ω–∏—è  —Ä–æ—Å—Å–∏—è –∏—Å–ø–∞–Ω–∏—è –æ–±–∑–æ—Ä  —Ä–æ—Å—Å–∏—è - –∏—Å–ø–∞–Ω–∏—è –æ–±–∑–æ—Ä  —Ä–æ—Å—Å–∏—è –∏—Å–ø–∞–Ω–∏—è –æ–±–∑–æ—Ä –º–∞—Ç—á–∞  —Ä–æ—Å—Å–∏—è - –∏—Å–ø–∞–Ω–∏—è –æ–±–∑–æ—Ä –º–∞—Ç—á–∞  —Ä–æ—Å—Å–∏—è –∏—Å–ø–∞–Ω–∏—è –≥–æ–ª—ã  —Ä–æ—Å—Å–∏—è –∏—Å–ø–∞–Ω–∏—è –≥–æ–ª —Å–º–æ–ª–æ–≤–∞  —Ä–æ—Å—Å–∏—è –∏—Å–ø–∞–Ω–∏—è 3-3  —Ä–æ—Å—Å–∏—è –∏—Å–ø–∞–Ω–∏—è 3-3 –æ–±–∑–æ—Ä  —Ä–æ—Å—Å–∏—è –∏—Å–ø–∞–Ω–∏—è 3-3 –æ–±–∑–æ—Ä –º–∞—Ç—á–∞  —Ä–æ—Å—Å–∏—è –∏—Å–ø–∞–Ω–∏—è –ø–æ–ª–Ω—ã–π –º–∞—Ç—á  —Ä–æ—Å—Å–∏—è - –∏—Å–ø–∞–Ω–∏—è –ø–æ–ª–Ω—ã–π –º–∞—Ç—á  —Ä–æ—Å—Å–∏—è –∏—Å–ø–∞–Ω–∏—è —Å–º–æ—Ç—Ä–µ—Ç—å –ø–æ–ª–Ω—ã–π –º–∞—Ç—á  —Ä–æ—Å—Å–∏—è - –∏—Å–ø–∞–Ω–∏—è —Å–º–æ—Ç—Ä–µ—Ç—å –ø–æ–ª–Ω—ã–π –º–∞—Ç—á  —Ä–æ—Å—Å–∏—è –∏—Å–ø–∞–Ω–∏—è –≤—Å–µ –≥–æ–ª—ã  —Ä–æ—Å—Å–∏—è - –∏—Å–ø–∞–Ω–∏—è –≤—Å–µ –≥–æ–ª—ã  #—Ä–æ—Å—Å–∏—è–∏—Å–ø–∞–Ω–∏—è #—Ä–æ—Å—Å–∏—è–∏—Å–ø–∞–Ω–∏—è–æ–±–∑–æ—Ä #—Ä–æ—Å—Å–∏—è–∏—Å–ø–∞–Ω–∏—è–æ–±–∑–æ—Ä–º–∞—Ç—á–∞ #—Ä–æ—Å—Å–∏—è–∏—Å–ø–∞–Ω–∏—è–≥–æ–ª—ã #russiaspain #russiaspainhighlights #russiaspaingoals #russiaspainallgoals #—Ä–µ–∞–ª—å–Ω—ã–π—Ñ—É—Ç–±–æ–ª
mQbsY2KTFHk,17.15.11,–°–ª—É–≥–∞ –ù–∞—Ä–æ–¥–∞ 2 - –û—Ç –ª—é–±–≤–∏ –¥–æ –∏–º–ø–∏—á–º–µ–Ω—Ç–∞  22 —Å–µ—Ä–∏—è | –°–µ—Ä–∏–∞–ª 2017 –≤ 4–∫,–°–ª—É–≥–∞ –Ω–∞—Ä–æ–¥–∞,43,2017-11-14T18:45:58.000Z,"—Å–µ—Ä–∏–∞–ª|""—Å–µ—Ä–∏–∞–ª 2017""|""—Å–µ—Ä–∏–∞–ª 4–∫""|""—Å–µ—Ä–∏–∞–ª —Å–ª—É–≥–∞ –Ω–∞—Ä–æ–¥–∞ 2""|""—Å–ª—É–≥–∞ –Ω–∞—Ä–æ–¥–∞ 2""|""—Å–ª—É–≥–∞ –Ω–∞—Ä–æ–¥–∞ 2 —Å–µ–∑–æ–Ω""|""—Å–ª—É–≥–∞ –Ω–∞—Ä–æ–¥–∞ —Å–µ—Ä–∏–∞–ª""|""—Å–ª—É–≥–∞ –Ω–∞—Ä–æ–¥–∞ 22 —Å–µ—Ä–∏—è""|""—Å–ª—É–≥–∞ –Ω–∞—Ä–æ–¥–∞ –Ω–æ–≤—ã–π —Å–µ–∑–æ–Ω""|""–Ω–æ–≤—ã–π —Å–µ–∑–æ–Ω —Å–ª—É–≥–∞ –Ω–∞—Ä–æ–¥–∞""|""—Å–ª—É–≥–∞ –Ω–∞—Ä–æ–¥–∞ –ø—Ä–µ–º—å–µ—Ä–∞""|""—Å–ª—É–≥–∞ –Ω–∞—Ä–æ–¥–∞ —Å–º–æ—Ç—Ä–µ—Ç—å –æ–Ω–ª–∞–π–Ω""|""—Å–µ—Ä–∏–∞–ª —Å–ª—É–≥–∞ –Ω–∞—Ä–æ–¥–∞ –æ–Ω–ª–∞–π–Ω""|""—Å–º–æ—Ç—Ä–µ—Ç—å –Ω–æ–≤—ã–π —Å–ª—É–≥–∞ –Ω–∞—Ä–æ–¥–∞""|""—Å–ª—É–≥–∞ –Ω–∞—Ä–æ–¥–∞""|""sluga narodu""|""—Å–ª—É–≥–∞ –Ω–∞—Ä–æ–¥–∞ –∫–≤–∞—Ä—Ç–∞–ª 95 —Å–º–æ—Ç—Ä–µ—Ç—å""|""—Å–ª—É–≥–∞ –Ω–∞—Ä–æ–¥–∞ –∫–æ–≥–¥–∞ –≤—ã–π–¥–µ—Ç""|""–ø—Ä–µ–º—å–µ—Ä–∞ 4–∫""|""–ø—Ä–µ–º—å–µ—Ä–∞ 2017""|""–ø—Ä–µ–∑–∏–¥–µ–Ω—Ç –£–∫—Ä–∞–∏–Ω—ã""",437979,8787,287,1616,https://i.ytimg.com/vi/mQbsY2KTFHk/default.jpg,FALSE,FALSE,FALSE,Ze Kubiki - –°–ø–æ—Ä—Ç–∏–≤–Ω—ã–π –≤–ª–æ–≥ –í–ª–∞–¥–∏–º–∏—Ä–∞ –ó–µ–ª–µ–Ω—Å–∫–æ–≥–æ https://www.youtube.com/watch?v=80lbC7foHk0  –°–µ—Ä–∏–∞–ª –°–ª—É–≥–∞ –ù–∞—Ä–æ–¥–∞ 2 —Å–µ–∑–æ–Ω  —Å–µ—Ä–∏—è 22: –î–µ–±–∞—Ç—ã –º–µ–∂–¥—É –æ—Å–Ω–æ–≤–Ω—ã–º–∏ –∫–∞–Ω–¥–∏–¥–∞—Ç–∞–º–∏ - —ç—Ç–æ –≤–∞–∂–Ω–∞—è —Å–æ—Å—Ç–∞–≤–ª—è—é—â–∞—è —á–∞—Å—Ç—å –ª—é–±—ã—Ö –≤—ã–±–æ—Ä–æ–≤  –≤–µ–¥—å –≥–¥–µ –µ—â–µ  –∫–∞–∫ –Ω–µ –Ω–∞ —Ç–µ–ª–µ–≤–∏–∑–∏–æ–Ω–Ω—ã—Ö –¥–µ–±–∞—Ç–∞—Ö  –º–æ–∂–Ω–æ —Ä–∞—Å–∫—Ä—ã—Ç—å –Ω–∞—Ä–æ–¥—É –≥–ª–∞–∑–∞ –Ω–∞ —Å–≤–æ–∏—Ö –ø–æ–ª–∏—Ç–∏—á–µ—Å–∫–∏—Ö –æ–ø–ø–æ–Ω–µ–Ω—Ç–æ–≤. –ò —Å–µ–≥–æ–¥–Ω—è –≥–ª–∞–≤–Ω—ã–π –∫–∞–Ω–¥–∏–¥–∞—Ç  –í–∞—Å–∏–ª–∏–π –ì–æ–ª–æ–±–æ—Ä–æ–¥—å–∫–æ  —Ä–∞—Å–∫—Ä–æ–µ—Ç —Å–≤–æ–∏ –∫–æ–∑—ã—Ä—è –∏ –¥–æ–∫–∞–∂–µ—Ç –ø—Ä—è–º—É—é —Å–≤—è–∑—å –≤—Å–µ—Ö –∫–∞–Ω–¥–∏–¥–∞—Ç–æ–≤ —Å –æ–ª–∏–≥–∞—Ä—Ö–∞–º–∏  –∫–æ—Ç–æ—Ä—ã–µ –≤ —Å–≤–æ—é –æ—á–µ—Ä–µ–¥—å —Å–¥–µ–ª–∞—é—Ç —à–æ–∫–∏—Ä—É—é—â–∏–π –æ—Ç–≤–µ—Ç–Ω—ã–π —É–¥–∞—Ä.  –°–ª—É–≥–∞ –Ω–∞—Ä–æ–¥–∞ 2. –û—Ç –ª—é–±–≤–∏ –¥–æ –∏–º–ø–∏—á–º–µ–Ω—Ç–∞  –≤—Å–µ —Å–µ—Ä–∏–∏ - https://www.youtube.com/watch?v=uNbPwegQcag&list=PLSoP62RB3ymkpI7XMMeKs2J1rxmmR3UjG –û–¥–Ω–∞–∂–¥—ã –ø–æ–¥ –ü–æ–ª—Ç–∞–≤–æ–π  4-–π —Å–µ–∑–æ–Ω 2017 - https://www.youtube.com/watch?v=D4DJ0702OY0&list=PLprXcH5dhunNOvBrziCD5qPYOIMuS-mOT –í–µ—á–µ—Ä–Ω–∏–π –∫–≤–∞—Ä—Ç–∞–ª –ø–æ–ª–Ω—ã–µ –≤—ã–ø—É—Å–∫–∏ - https://www.youtube.com/watch?v=U9Z01WDAS_s&list=PL58H4uS5fMRzV7nPb-plAadLKf5uA6wu3 –ü—Ä–µ–º—å–µ—Ä–∞! –ó–≤–µ–∑–¥–Ω—ã–µ —è–π—Ü–∞ 2017 - https://www.youtube.com/watch?v=2qzEG7DLPcY&list=PL58H4uS5fMRwoHUjf6LSWhLa5a9i0rd-P –†–∞—Å—Å–º–µ—à–∏ –ö–æ–º–∏–∫–∞ 2017 - –Ω–æ–≤—ã–π 14 —Å–µ–∑–æ–Ω - https://www.youtube.com/playlist?list=PLVgj_ENHZ-jWr18s6dZEFze4QKJJ2ISKh –°–µ—Ä–∏–∞–ª –∫–æ–º–µ–¥–∏—è –ö—Ä–∞—ó–Ω–∞ –£ / –ö—Ä–∞–∏–Ω–∞ –£ - –ù–æ–≤—ã–π 7-–π —Å–µ–∑–æ–Ω - https://www.youtube.com/watch?v=M3qVonG1q-M&list=PLprXcH5dhunPAoBulZIXYDDmgP_fLKyIE –õ–∏–≥–∞ –°–º–µ—Ö–∞ 2017 - 3 —Å–µ–∑–æ–Ω - –ø–æ–ª–Ω—ã–µ –≤—ã–ø—É—Å–∫–∏ - https://www.youtube.com/watch?v=f2O_8MEICKw&list=PLP8qlV2aurYopmUJRNwyDb30OzlSyM6wS –Ü–≥—Ä–∏ –ü—Ä–∏–∫–æ–ª—ñ–≤ - –ø–æ–≤–Ω—ñ –≤–∏–ø—É—Å–∫–∏ https://www.youtube.com/watch?v=Ph08__WYeTE&list=PL58H4uS5fMRyWbYgQiUm-uKeOoeuxPDMs
pbaNLHsu3TY,17.15.11,–û–±–∑–æ—Ä –Ω–∞ –ø–ª–æ—Ö–æ–µ - –°–µ—Ä–∏–∞–ª –°—á–∞—Å—Ç–ª–∏–≤—ã –≤–º–µ—Å—Ç–µ,Woodmark,43,2017-11-14T16:04:18.000Z,"–°–µ—Ä–∏–∞–ª –°—á–∞—Å—Ç–ª–∏–≤—ã –≤–º–µ—Å—Ç–µ|""–°—á–∞—Å—Ç–ª–∏–≤—ã –≤–º–µ—Å—Ç–µ""|""–ë—É–∫–∏–Ω—ã""|""–°—á–∞—Å—Ç–ª–∏–≤—ã –≤–º–µ—Å—Ç–µ 6 —Å–µ–∑–æ–Ω""|""–û–±–∑–æ—Ä –°–µ—Ä–∏–∞–ª–∞ –°—á–∞—Å—Ç–ª–∏–≤—ã –≤–º–µ—Å—Ç–µ""|""–û–±–∑–æ—Ä –ë—É–∫–∏–Ω—ã""|""–ñ–µ–Ω–∞—Ç—ã —Å –¥–µ—Ç—å–º–∏""|""Married with Children""|""–°–µ—Ä–∏–∞–ª–∞ –°—á–∞—Å—Ç–ª–∏–≤—ã –≤–º–µ—Å—Ç–µ –æ—Ç –¢–ù–¢""|""–ì–µ–Ω–∞ –ë—É–∫–∏–Ω""|""–î–∞—à–∞ –ë—É–∫–∏–Ω–∞""|""–°–≤–µ—Ç–∞ –ë—É–∫–∏–Ω–∞""|""–õ–µ–Ω–∞ –ü–æ–ª–µ–Ω–æ""|""–í–∏–∫—Ç–æ—Ä –õ–æ–≥–∏–Ω–æ–≤""|""–ù–∞—Ç–∞–ª—å—è –ë–æ—á–∫–∞—Ä—ë–≤–∞""|""–î–∞—Ä—å—è –°–∞–≥–∞–ª–æ–≤–∞""|""–¢–µ–ª–µ–∫–∞–Ω–∞–ª –¢–ù–¢""|""–¢–ù–¢""|""–°–∏—Ç–∫–æ–º""|""–Æ–º–æ—Ä""|""–°–µ—Ä–∏–∞–ª—ã""|""–†—É—Å—Å–∫–∏–π —Å–µ—Ä–∏–∞–ª""|""–û–±–∑–æ—Ä –Ω–∞ —Ç—Ä–µ—à""|""–°–º–µ—à–Ω–æ–π –æ–±–∑–æ—Ä""|""Woodmark""|""–í—É–¥–º–∞—Ä–∫""|""–û–±–∑–æ—Ä –Ω–∞ –ø–ª–æ—Ö–æ–µ""",45354,4567,262,1124,https://i.ytimg.com/vi/pbaNLHsu3TY/default.jpg,FALSE,FALSE,FALSE,–û–±–∑–æ—Ä —Å–µ—Ä–∏–∞–ª –°—á–∞—Å—Ç–ª–∏–≤—ã –≤–º–µ—Å—Ç–µ  —Ç–∞–∫–∂–µ –∏–∑–≤–µ—Å—Ç–Ω–æ–≥–æ –∫–∞–∫ –ë—É–∫–∏–Ω—ã. –ê–¥–∞–ø—Ç–∞—Ü–∏—è –∑–∞—Ä—É–±–µ–∂–Ω–æ–≥–æ —Å–µ—Ä–∏–∞–ª–∞ –ñ–µ–Ω–∞—Ç—ã... —Å –¥–µ—Ç—å–º–∏(Married‚Ä¶ with Children) –æ—Ç —Ç–µ–ª–µ–∫–∞–Ω–∞–ª–∞ –¢–ù–¢  –∫–æ—Ç–æ—Ä–∞—è –±—ã–ª–∞ –Ω–µ–ø–ª–æ—Ö–æ–π  –¥–æ –æ–ø—Ä–µ–¥–µ–ª–µ–Ω–Ω–æ–≥–æ –º–æ–º–µ–Ω—Ç–∞. –ü–æ—ç—Ç–æ–º—É –æ–±–∑–æ—Ä —Å–µ–≥–æ–¥–Ω—è –≤ –Ω–µ–æ–±—ã—á–Ω–æ–º —Ñ–æ—Ä–º–∞—Ç–µ. –ü–æ—Ä—Ü–∏—è –Ω–æ—Å—Ç–∞–ª—å–≥–∏–∏  –Ω–µ–¥–æ—É–º–µ–Ω–∏—è –∏ —Ä–∞–∑–æ—á–∞—Ä–æ–≤–∞–Ω–∏—è.  –û–±–∑–æ—Ä –Ω–∞ –ø–ª–æ—Ö–æ–µ - –õ—é–±–æ–≤—å –±–µ–∑ –ø—Ä–∞–≤–∏–ª - https://youtu.be/C5yWe_fUCW0  –ö–∞–Ω–∞–ª –Æ–¢ - https://youtube.com/WoodmarkChannel –ì—Ä—É–ø–ø–∞ –í–ö - https://vk.com/WoodmarkClub –ü–æ–¥–¥–µ—Ä–∂–∞—Ç—å –ø—Ä–æ–µ–∫—Ç - http://donationalerts.ru/r/Woodmark
